case_id,ari_diffusion_nnls,ari_tbs,ari_change,found_clusters_diffusion_nnls,found_clusters_tbs
gauss_extreme_noise_3c,1.0,1.0,0.0,3,3
gauss_extreme_noise_highd,0.0,0.0,0.0,1,1
gauss_extreme_noise_many,1.0,0.0,1.0,30,1
gauss_clear_small,1.0,1.0,0.0,3,3
gauss_clear_medium,0.829971181556196,1.0,-0.17002881844380402,6,4
gauss_clear_large,1.0,1.0,0.0,5,5
gauss_moderate_3c,1.0,0.56,0.43999999999999995,3,2
gauss_moderate_5c,1.0,1.0,0.0,5,5
gauss_noisy_3c,1.0,0.9526358041209526,0.04736419587904739,3,4
gauss_noisy_many,1.0,0.9567926539312944,0.04320734606870558,8,10
gauss_null_small,1.0,1.0,0.0,1,1
gauss_null_large,1.0,1.0,0.0,1,1
dim_consolidated_4c_24f,0.5298028928480344,0.3656435110393107,0.1641593818087237,7,12
dim_consolidated_4c_72f,-0.0083613817537643,0.0009785802922182,-0.009339962045982501,2,2
dim_consolidated_4c_272f,0.0153270173835093,-0.0082275170019498,0.0235545343854591,60,2
dim_diffuse_6c_36f,0.0316432964697783,0.0,0.0316432964697783,7,1
dim_diffuse_6c_136f,0.0293879041298343,0.0132456629412952,0.0161422411885391,4,2
dim_diffuse_6c_536f,-0.0042046026476466,-0.0049122807017543,0.0007076780541076999,2,2
gauss_outlier_shell_4c,0.0,0.97160982710024,-0.97160982710024,1,10
binary_balanced_low_noise,1.0,0.962424205767166,0.03757579423283397,4,4
binary_balanced_low_noise__2,1.0,0.0,1.0,4,1
sparse_features_72x72,1.0,1.0,0.0,4,4
sparse_features_100x500,1.0,1.0,0.0,4,4
binary_low_noise_2c,0.5562579013906448,0.4589114194236926,0.09734648196695217,5,12
binary_low_noise_4c,0.9429190751445088,0.919692522072849,0.023226553071659772,5,7
binary_low_noise_8c,1.0,1.0,0.0,8,8
binary_low_noise_12c,1.0,1.0,0.0,12,12
binary_moderate_4c,1.0,1.0,0.0,4,4
binary_moderate_6c,1.0,1.0,0.0,6,6
binary_moderate_8c,1.0,1.0,0.0,8,8
binary_hard_4c,1.0,1.0,0.0,4,4
binary_hard_8c,1.0,1.0,0.0,8,8
binary_unbalanced_low,1.0,1.0,0.0,4,4
binary_unbalanced_med,1.0,1.0,0.0,6,6
binary_2clusters,1.0,1.0,0.0,2,2
binary_many_features,1.0,0.0,1.0,4,1
binary_many_clusters,1.0,1.0,0.0,15,15
binary_multiscale_4c,1.0,1.0,0.0,4,4
binary_multiscale_6c,1.0,1.0,0.0,6,6
binary_noise_feat_50i_200n,1.0,1.0,0.0,4,4
binary_noise_feat_80i_400n,1.0,0.0,1.0,6,1
binary_noise_feat_30i_500n,1.0,0.0,1.0,3,1
sbm_clear_small,0.8688989349475136,0.93331545372694,-0.06441651877942645,2,2
sbm_moderate,0.0,0.0995072113659247,-0.0995072113659247,1,8
sbm_hard,0.0,-0.0085638062552786,0.0085638062552786,1,4
cat_clear_3cat_4c,1.0,0.7079646017699115,0.2920353982300885,4,3
cat_clear_4cat_4c,1.0,1.0,0.0,4,4
cat_clear_5cat_6c,0.8185140073081608,0.9837791962248472,-0.1652651889166864,5,6
cat_mod_3cat_4c,0.935142422764694,0.0,0.935142422764694,4,1
cat_mod_4cat_6c,0.9865142168323924,0.4711964549483013,0.5153177618840911,6,3
cat_highcard_10cat_4c,0.986598879940902,0.0,0.986598879940902,4,1
cat_highcard_20cat_4c,0.0,0.0,0.0,1,1
cat_unbal_3cat_4c,0.9809920929302728,0.9282381249143422,0.052753968015930575,4,4
cat_overlap_3cat_4c,0.8644848643817469,0.6802931292570171,0.18419173512472975,4,3
cat_highd_3cat_500feat,0.0984600374207634,1.0,-0.9015399625792366,68,4
cat_highd_4cat_1000feat,1.0,1.0,0.0,6,6
phylo_dna_4taxa_low_mut,1.0,1.0,0.0,4,4
phylo_dna_8taxa_low_mut,1.0,0.6384209059776307,0.3615790940223693,8,51
phylo_dna_8taxa_med_mut,1.0,1.0,0.0,8,8
phylo_dna_16taxa_low_mut,1.0,0.0,1.0,16,1
phylo_protein_4taxa,1.0,0.977711181869264,0.02228881813073602,4,6
phylo_protein_8taxa,1.0,0.6468825923000104,0.35311740769998956,8,52
phylo_protein_12taxa,0.9631584037374742,0.0,0.9631584037374742,16,1
phylo_divergent_4taxa,1.0,1.0,0.0,4,4
phylo_divergent_8taxa,1.0,0.0,1.0,8,1
phylo_conserved_8taxa,1.0,1.0,0.0,8,8
phylo_large_32taxa,0.9702459296721974,0.0,0.9702459296721974,45,1
phylo_large_64taxa,0.6879298333911303,0.0,0.6879298333911303,54,1
overlap_heavy_4c_small_feat,0.0,0.0,0.0,1,1
overlap_heavy_4c_med_feat,0.0,0.0,0.0,1,1
overlap_heavy_8c_large_feat,0.0,0.0,0.0,1,1
overlap_extreme_4c,0.0,0.0,0.0,1,1
overlap_mod_4c_small,0.8520629763241513,0.7848286798556895,0.0672342964684618,4,4
overlap_mod_6c_med,0.9959865525047962,0.9444653613697336,0.051521191135062594,6,6
overlap_mod_8c_large,1.0,0.9914106479870332,0.008589352012966844,8,8
overlap_part_4c_small,0.9866666397310956,0.9534938148705172,0.033172824860578376,4,4
overlap_part_6c_med,1.0,0.9959865525047962,0.004013447495203826,6,6
overlap_part_8c_large,1.0,1.0,0.0,8,8
overlap_hd_4c_1k,1.0,0.9946559286607272,0.005344071339272838,4,4
overlap_unbal_4c_small,0.6024203432333544,0.5000975768285938,0.10232276640476057,4,4
overlap_unbal_6c_med,1.0,0.9817306285757762,0.0182693714242238,6,6
overlap_unbal_8c_large,0.9947784716132548,0.9295804687948276,0.06519800281842725,8,8
gauss_overlap_3c_small,0.6743691150605863,0.9702555619013858,-0.29588644684079957,6,3
gauss_overlap_4c_med,1.0,1.0,0.0,4,4
gauss_overlap_6c_large,1.0,1.0,0.0,6,6
gauss_overlap_8c_highd,0.9343004944078712,1.0,-0.06569950559212878,14,8
gauss_overlap_extreme_4c,1.0,1.0,0.0,4,4
gauss_overlap_extreme_6c,1.0,1.0,0.0,6,6
gauss_overlap_many_10c,0.9977985452346538,1.0,-0.002201454765346167,11,10
gauss_overlap_dense_8c,1.0,1.0,0.0,8,8
gauss_overlap_3c_small_q3,1.0,0.9899831669528852,0.01001683304711476,3,3
gauss_overlap_3c_small_q4,1.0,1.0,0.0,3,3
gauss_overlap_3c_small_q5,1.0,0.9800666666666666,0.01993333333333336,3,3
bar_binary_balanced_4c,0.0,0.0,0.0,1,1
bar_binary_unbalanced_95_5,0.0,0.0,0.0,1,1
cat_simplex_face_rare_20cat,0.0,0.0,0.0,1,1
cat_dirichlet_overdispersed_20cat,0.2142388457105737,0.0,0.2142388457105737,4,1
support_selected_only_fail_closed,1.0,1.0,0.0,4,4
traversal_deep_signal_under_same_parent,0.0,0.0,0.0,1,1
traversal_deep_branch_recovery_stress,1.0,1.0,0.0,6,6
