case_id,seed,method,variant,sibling_alpha,edge_alpha,status,true_clusters,found_clusters,ari,unsupported_reason,admissible_support_count,data_sha256,tree_branch_lengths_sha256,elapsed_seconds,execution_kind,skip_reason
gauss_clear_small,100,tbs_diffusion_adaptive_nnls,production,0.01,0.001,unsupported,3,,,empirical_null_unvalidated_reference_law,27.0,c2f623d5ca68b5b2bc9fcde5df0b3cd077060665565781fdc91f1c72f09b865a,67df26589148deb202ba61a37ea48d0ed4a0efb7a79d22ddedcc849ec32e8f60,0.3325167909933952,method_run,
gauss_clear_small,100,tbs_diffusion_adaptive_nnls,status_rule_bypassed,0.01,0.001,ok,3,1.0,0.0,,27.0,c2f623d5ca68b5b2bc9fcde5df0b3cd077060665565781fdc91f1c72f09b865a,67df26589148deb202ba61a37ea48d0ed4a0efb7a79d22ddedcc849ec32e8f60,0.0550096670049242,method_run,
gauss_clear_small,100,tbs_diffusion_adaptive_nnls,fixed_coordinate_bh,0.005,0.001,ok,3,3.0,1.0,,0.0,c2f623d5ca68b5b2bc9fcde5df0b3cd077060665565781fdc91f1c72f09b865a,67df26589148deb202ba61a37ea48d0ed4a0efb7a79d22ddedcc849ec32e8f60,0.0512407500064,method_run,
gauss_clear_small,100,tbs_diffusion_adaptive_nnls,fixed_coordinate_bh,0.01,0.001,ok,3,3.0,1.0,,0.0,c2f623d5ca68b5b2bc9fcde5df0b3cd077060665565781fdc91f1c72f09b865a,67df26589148deb202ba61a37ea48d0ed4a0efb7a79d22ddedcc849ec32e8f60,0.0511642500059679,method_run,
gauss_clear_small,100,tbs_diffusion_adaptive_nnls,fixed_coordinate_bh,0.05,0.001,ok,3,3.0,1.0,,0.0,c2f623d5ca68b5b2bc9fcde5df0b3cd077060665565781fdc91f1c72f09b865a,67df26589148deb202ba61a37ea48d0ed4a0efb7a79d22ddedcc849ec32e8f60,0.0522225830063689,method_run,
gauss_clear_small,100,tbs_diffusion_adaptive_nnls,fixed_coordinate_by,0.005,0.001,ok,3,3.0,1.0,,0.0,c2f623d5ca68b5b2bc9fcde5df0b3cd077060665565781fdc91f1c72f09b865a,67df26589148deb202ba61a37ea48d0ed4a0efb7a79d22ddedcc849ec32e8f60,0.0532117920083692,method_run,
gauss_clear_small,100,tbs_diffusion_adaptive_nnls,fixed_coordinate_by,0.01,0.001,ok,3,3.0,1.0,,0.0,c2f623d5ca68b5b2bc9fcde5df0b3cd077060665565781fdc91f1c72f09b865a,67df26589148deb202ba61a37ea48d0ed4a0efb7a79d22ddedcc849ec32e8f60,0.0519592920027207,method_run,
gauss_clear_small,100,tbs_diffusion_adaptive_nnls,fixed_coordinate_by,0.05,0.001,ok,3,3.0,1.0,,0.0,c2f623d5ca68b5b2bc9fcde5df0b3cd077060665565781fdc91f1c72f09b865a,67df26589148deb202ba61a37ea48d0ed4a0efb7a79d22ddedcc849ec32e8f60,0.051587791997008,method_run,
gauss_clear_small,100,tbs_diffusion_graphtools_nnls,production,0.01,0.001,unsupported,3,,,empirical_null_unvalidated_reference_law,27.0,c2f623d5ca68b5b2bc9fcde5df0b3cd077060665565781fdc91f1c72f09b865a,2f2f9e89585b07883a539d8305d9c1ad1ecbad47bfe6ebfbb58708ecdf236d60,1.1912665000127165,method_run,
gauss_clear_small,100,tbs_diffusion_graphtools_nnls,status_rule_bypassed,0.01,0.001,ok,3,1.0,0.0,,27.0,c2f623d5ca68b5b2bc9fcde5df0b3cd077060665565781fdc91f1c72f09b865a,2f2f9e89585b07883a539d8305d9c1ad1ecbad47bfe6ebfbb58708ecdf236d60,0.0510755830036941,method_run,
gauss_clear_small,100,tbs_diffusion_graphtools_nnls,fixed_coordinate_bh,0.005,0.001,ok,3,3.0,1.0,,0.0,c2f623d5ca68b5b2bc9fcde5df0b3cd077060665565781fdc91f1c72f09b865a,2f2f9e89585b07883a539d8305d9c1ad1ecbad47bfe6ebfbb58708ecdf236d60,0.0508680000057211,method_run,
gauss_clear_small,100,tbs_diffusion_graphtools_nnls,fixed_coordinate_bh,0.01,0.001,ok,3,3.0,1.0,,0.0,c2f623d5ca68b5b2bc9fcde5df0b3cd077060665565781fdc91f1c72f09b865a,2f2f9e89585b07883a539d8305d9c1ad1ecbad47bfe6ebfbb58708ecdf236d60,0.0489728749962523,method_run,
gauss_clear_small,100,tbs_diffusion_graphtools_nnls,fixed_coordinate_bh,0.05,0.001,ok,3,3.0,1.0,,0.0,c2f623d5ca68b5b2bc9fcde5df0b3cd077060665565781fdc91f1c72f09b865a,2f2f9e89585b07883a539d8305d9c1ad1ecbad47bfe6ebfbb58708ecdf236d60,0.0494162079994566,method_run,
gauss_clear_small,100,tbs_diffusion_graphtools_nnls,fixed_coordinate_by,0.005,0.001,ok,3,3.0,1.0,,0.0,c2f623d5ca68b5b2bc9fcde5df0b3cd077060665565781fdc91f1c72f09b865a,2f2f9e89585b07883a539d8305d9c1ad1ecbad47bfe6ebfbb58708ecdf236d60,0.0497167080029612,method_run,
gauss_clear_small,100,tbs_diffusion_graphtools_nnls,fixed_coordinate_by,0.01,0.001,ok,3,3.0,1.0,,0.0,c2f623d5ca68b5b2bc9fcde5df0b3cd077060665565781fdc91f1c72f09b865a,2f2f9e89585b07883a539d8305d9c1ad1ecbad47bfe6ebfbb58708ecdf236d60,0.0492618749995017,method_run,
gauss_clear_small,100,tbs_diffusion_graphtools_nnls,fixed_coordinate_by,0.05,0.001,ok,3,3.0,1.0,,0.0,c2f623d5ca68b5b2bc9fcde5df0b3cd077060665565781fdc91f1c72f09b865a,2f2f9e89585b07883a539d8305d9c1ad1ecbad47bfe6ebfbb58708ecdf236d60,0.0502253339946037,method_run,
gauss_clear_small,100,tbs_diffusion_graphtools_adaptive_nnls,production,0.01,0.001,unsupported,3,,,empirical_null_unvalidated_reference_law,27.0,c2f623d5ca68b5b2bc9fcde5df0b3cd077060665565781fdc91f1c72f09b865a,2f2f9e89585b07883a539d8305d9c1ad1ecbad47bfe6ebfbb58708ecdf236d60,0.0821152919961605,method_run,
gauss_clear_small,100,tbs_diffusion_graphtools_adaptive_nnls,status_rule_bypassed,0.01,0.001,ok,3,1.0,0.0,,27.0,c2f623d5ca68b5b2bc9fcde5df0b3cd077060665565781fdc91f1c72f09b865a,2f2f9e89585b07883a539d8305d9c1ad1ecbad47bfe6ebfbb58708ecdf236d60,0.050093249999918,method_run,
gauss_clear_small,100,tbs_diffusion_graphtools_adaptive_nnls,fixed_coordinate_bh,0.005,0.001,ok,3,3.0,1.0,,0.0,c2f623d5ca68b5b2bc9fcde5df0b3cd077060665565781fdc91f1c72f09b865a,2f2f9e89585b07883a539d8305d9c1ad1ecbad47bfe6ebfbb58708ecdf236d60,0.0502693329908652,method_run,
gauss_clear_small,100,tbs_diffusion_graphtools_adaptive_nnls,fixed_coordinate_bh,0.01,0.001,ok,3,3.0,1.0,,0.0,c2f623d5ca68b5b2bc9fcde5df0b3cd077060665565781fdc91f1c72f09b865a,2f2f9e89585b07883a539d8305d9c1ad1ecbad47bfe6ebfbb58708ecdf236d60,0.0491892920108512,method_run,
gauss_clear_small,100,tbs_diffusion_graphtools_adaptive_nnls,fixed_coordinate_bh,0.05,0.001,ok,3,3.0,1.0,,0.0,c2f623d5ca68b5b2bc9fcde5df0b3cd077060665565781fdc91f1c72f09b865a,2f2f9e89585b07883a539d8305d9c1ad1ecbad47bfe6ebfbb58708ecdf236d60,0.0501832910085795,method_run,
gauss_clear_small,100,tbs_diffusion_graphtools_adaptive_nnls,fixed_coordinate_by,0.005,0.001,ok,3,3.0,1.0,,0.0,c2f623d5ca68b5b2bc9fcde5df0b3cd077060665565781fdc91f1c72f09b865a,2f2f9e89585b07883a539d8305d9c1ad1ecbad47bfe6ebfbb58708ecdf236d60,0.0493521249882178,method_run,
gauss_clear_small,100,tbs_diffusion_graphtools_adaptive_nnls,fixed_coordinate_by,0.01,0.001,ok,3,3.0,1.0,,0.0,c2f623d5ca68b5b2bc9fcde5df0b3cd077060665565781fdc91f1c72f09b865a,2f2f9e89585b07883a539d8305d9c1ad1ecbad47bfe6ebfbb58708ecdf236d60,0.0474900830013211,method_run,
gauss_clear_small,100,tbs_diffusion_graphtools_adaptive_nnls,fixed_coordinate_by,0.05,0.001,ok,3,3.0,1.0,,0.0,c2f623d5ca68b5b2bc9fcde5df0b3cd077060665565781fdc91f1c72f09b865a,2f2f9e89585b07883a539d8305d9c1ad1ecbad47bfe6ebfbb58708ecdf236d60,0.051217792002717,method_run,
gauss_dense_signal_highd,43,tbs_diffusion_adaptive_nnls,production,0.01,0.001,unsupported,4,,,empirical_null_no_internal_support,0.0,d117b93e6b4a33a3481cada1f681d1d06f4d74bf65c1ad4fb69f975738cf368f,24291a18b555c5f9ff00b6ba46255833103ce77d2fb21ba28407909c727218d8,16.319354790990474,method_run,
gauss_dense_signal_highd,43,tbs_diffusion_adaptive_nnls,status_rule_bypassed,0.01,0.001,ok,4,1.0,0.0,,0.0,d117b93e6b4a33a3481cada1f681d1d06f4d74bf65c1ad4fb69f975738cf368f,24291a18b555c5f9ff00b6ba46255833103ce77d2fb21ba28407909c727218d8,15.97713237500284,method_run,
gauss_dense_signal_highd,43,tbs_diffusion_adaptive_nnls,fixed_coordinate_bh,0.005,0.001,ok,4,3.0,0.6976744186046512,,0.0,d117b93e6b4a33a3481cada1f681d1d06f4d74bf65c1ad4fb69f975738cf368f,24291a18b555c5f9ff00b6ba46255833103ce77d2fb21ba28407909c727218d8,15.244084916004796,method_run,
gauss_dense_signal_highd,43,tbs_diffusion_adaptive_nnls,fixed_coordinate_bh,0.01,0.001,ok,4,4.0,1.0,,0.0,d117b93e6b4a33a3481cada1f681d1d06f4d74bf65c1ad4fb69f975738cf368f,24291a18b555c5f9ff00b6ba46255833103ce77d2fb21ba28407909c727218d8,15.274173875004635,method_run,
gauss_dense_signal_highd,43,tbs_diffusion_adaptive_nnls,fixed_coordinate_bh,0.05,0.001,ok,4,4.0,1.0,,0.0,d117b93e6b4a33a3481cada1f681d1d06f4d74bf65c1ad4fb69f975738cf368f,24291a18b555c5f9ff00b6ba46255833103ce77d2fb21ba28407909c727218d8,15.305230666999703,method_run,
gauss_dense_signal_highd,43,tbs_diffusion_adaptive_nnls,fixed_coordinate_by,0.005,0.001,ok,4,1.0,0.0,,0.0,d117b93e6b4a33a3481cada1f681d1d06f4d74bf65c1ad4fb69f975738cf368f,24291a18b555c5f9ff00b6ba46255833103ce77d2fb21ba28407909c727218d8,15.269255792009062,method_run,
gauss_dense_signal_highd,43,tbs_diffusion_adaptive_nnls,fixed_coordinate_by,0.01,0.001,ok,4,3.0,0.6976744186046512,,0.0,d117b93e6b4a33a3481cada1f681d1d06f4d74bf65c1ad4fb69f975738cf368f,24291a18b555c5f9ff00b6ba46255833103ce77d2fb21ba28407909c727218d8,15.32424895800068,method_run,
gauss_dense_signal_highd,43,tbs_diffusion_adaptive_nnls,fixed_coordinate_by,0.05,0.001,ok,4,3.0,0.6976744186046512,,0.0,d117b93e6b4a33a3481cada1f681d1d06f4d74bf65c1ad4fb69f975738cf368f,24291a18b555c5f9ff00b6ba46255833103ce77d2fb21ba28407909c727218d8,15.407505082999704,method_run,
gauss_dense_signal_highd,43,tbs_diffusion_graphtools_nnls,production,0.01,0.001,unsupported,4,,,empirical_null_no_internal_support,0.0,d117b93e6b4a33a3481cada1f681d1d06f4d74bf65c1ad4fb69f975738cf368f,fd30d1ebecdb5c2e2bfe36f04fc6d0ba73db6dd3765913d05261dece8f798068,18.73705370799871,method_run,
gauss_dense_signal_highd,43,tbs_diffusion_graphtools_nnls,status_rule_bypassed,0.01,0.001,ok,4,1.0,0.0,,0.0,d117b93e6b4a33a3481cada1f681d1d06f4d74bf65c1ad4fb69f975738cf368f,fd30d1ebecdb5c2e2bfe36f04fc6d0ba73db6dd3765913d05261dece8f798068,18.764149542010273,method_run,
gauss_dense_signal_highd,43,tbs_diffusion_graphtools_nnls,fixed_coordinate_bh,0.005,0.001,ok,4,1.0,0.0,,0.0,d117b93e6b4a33a3481cada1f681d1d06f4d74bf65c1ad4fb69f975738cf368f,fd30d1ebecdb5c2e2bfe36f04fc6d0ba73db6dd3765913d05261dece8f798068,18.305400334007572,method_run,
gauss_dense_signal_highd,43,tbs_diffusion_graphtools_nnls,fixed_coordinate_bh,0.01,0.001,ok,4,1.0,0.0,,0.0,d117b93e6b4a33a3481cada1f681d1d06f4d74bf65c1ad4fb69f975738cf368f,fd30d1ebecdb5c2e2bfe36f04fc6d0ba73db6dd3765913d05261dece8f798068,18.29361079201044,method_run,
gauss_dense_signal_highd,43,tbs_diffusion_graphtools_nnls,fixed_coordinate_bh,0.05,0.001,ok,4,1.0,0.0,,0.0,d117b93e6b4a33a3481cada1f681d1d06f4d74bf65c1ad4fb69f975738cf368f,fd30d1ebecdb5c2e2bfe36f04fc6d0ba73db6dd3765913d05261dece8f798068,18.6866996250028,method_run,
gauss_dense_signal_highd,43,tbs_diffusion_graphtools_nnls,fixed_coordinate_by,0.005,0.001,ok,4,1.0,0.0,,0.0,d117b93e6b4a33a3481cada1f681d1d06f4d74bf65c1ad4fb69f975738cf368f,fd30d1ebecdb5c2e2bfe36f04fc6d0ba73db6dd3765913d05261dece8f798068,18.617379333998542,method_run,
gauss_dense_signal_highd,43,tbs_diffusion_graphtools_nnls,fixed_coordinate_by,0.01,0.001,ok,4,1.0,0.0,,0.0,d117b93e6b4a33a3481cada1f681d1d06f4d74bf65c1ad4fb69f975738cf368f,fd30d1ebecdb5c2e2bfe36f04fc6d0ba73db6dd3765913d05261dece8f798068,18.302859790986982,method_run,
gauss_dense_signal_highd,43,tbs_diffusion_graphtools_nnls,fixed_coordinate_by,0.05,0.001,ok,4,1.0,0.0,,0.0,d117b93e6b4a33a3481cada1f681d1d06f4d74bf65c1ad4fb69f975738cf368f,fd30d1ebecdb5c2e2bfe36f04fc6d0ba73db6dd3765913d05261dece8f798068,18.303550209006065,method_run,
gauss_dense_signal_highd,43,tbs_diffusion_graphtools_adaptive_nnls,production,0.01,0.001,unsupported,4,,,empirical_null_no_internal_support,0.0,d117b93e6b4a33a3481cada1f681d1d06f4d74bf65c1ad4fb69f975738cf368f,fd30d1ebecdb5c2e2bfe36f04fc6d0ba73db6dd3765913d05261dece8f798068,18.973329166998155,method_run,
gauss_dense_signal_highd,43,tbs_diffusion_graphtools_adaptive_nnls,status_rule_bypassed,0.01,0.001,ok,4,1.0,0.0,,0.0,d117b93e6b4a33a3481cada1f681d1d06f4d74bf65c1ad4fb69f975738cf368f,fd30d1ebecdb5c2e2bfe36f04fc6d0ba73db6dd3765913d05261dece8f798068,18.796271666011307,method_run,
gauss_dense_signal_highd,43,tbs_diffusion_graphtools_adaptive_nnls,fixed_coordinate_bh,0.005,0.001,ok,4,1.0,0.0,,0.0,d117b93e6b4a33a3481cada1f681d1d06f4d74bf65c1ad4fb69f975738cf368f,fd30d1ebecdb5c2e2bfe36f04fc6d0ba73db6dd3765913d05261dece8f798068,18.53899304100196,method_run,
gauss_dense_signal_highd,43,tbs_diffusion_graphtools_adaptive_nnls,fixed_coordinate_bh,0.01,0.001,ok,4,1.0,0.0,,0.0,d117b93e6b4a33a3481cada1f681d1d06f4d74bf65c1ad4fb69f975738cf368f,fd30d1ebecdb5c2e2bfe36f04fc6d0ba73db6dd3765913d05261dece8f798068,18.547122542004217,method_run,
gauss_dense_signal_highd,43,tbs_diffusion_graphtools_adaptive_nnls,fixed_coordinate_bh,0.05,0.001,ok,4,1.0,0.0,,0.0,d117b93e6b4a33a3481cada1f681d1d06f4d74bf65c1ad4fb69f975738cf368f,fd30d1ebecdb5c2e2bfe36f04fc6d0ba73db6dd3765913d05261dece8f798068,18.349823459007897,method_run,
gauss_dense_signal_highd,43,tbs_diffusion_graphtools_adaptive_nnls,fixed_coordinate_by,0.005,0.001,ok,4,1.0,0.0,,0.0,d117b93e6b4a33a3481cada1f681d1d06f4d74bf65c1ad4fb69f975738cf368f,fd30d1ebecdb5c2e2bfe36f04fc6d0ba73db6dd3765913d05261dece8f798068,18.48394379200181,method_run,
gauss_dense_signal_highd,43,tbs_diffusion_graphtools_adaptive_nnls,fixed_coordinate_by,0.01,0.001,ok,4,1.0,0.0,,0.0,d117b93e6b4a33a3481cada1f681d1d06f4d74bf65c1ad4fb69f975738cf368f,fd30d1ebecdb5c2e2bfe36f04fc6d0ba73db6dd3765913d05261dece8f798068,18.523288416006835,method_run,
gauss_dense_signal_highd,43,tbs_diffusion_graphtools_adaptive_nnls,fixed_coordinate_by,0.05,0.001,ok,4,1.0,0.0,,0.0,d117b93e6b4a33a3481cada1f681d1d06f4d74bf65c1ad4fb69f975738cf368f,fd30d1ebecdb5c2e2bfe36f04fc6d0ba73db6dd3765913d05261dece8f798068,18.212857874998008,method_run,
overlap_extreme_4c,8003,tbs_diffusion_adaptive_nnls,production,0.01,0.001,ok,4,1.0,0.0,,599.0,7a1560e618d0303f91db9de65a5deee68858edb8a80413d47bfa2cc5d2bfb3bb,565108ef343b7fd3437f76a25db527db37472b6add6a4256092917ce758b4b6d,3.5154401670006337,method_run,
overlap_extreme_4c,8003,tbs_diffusion_adaptive_nnls,status_rule_bypassed,0.01,0.001,ok,4,1.0,0.0,,599.0,7a1560e618d0303f91db9de65a5deee68858edb8a80413d47bfa2cc5d2bfb3bb,565108ef343b7fd3437f76a25db527db37472b6add6a4256092917ce758b4b6d,3.3779689999937546,method_run,
overlap_extreme_4c,8003,tbs_diffusion_adaptive_nnls,fixed_coordinate_bh,0.005,0.001,ok,4,1.0,0.0,,0.0,7a1560e618d0303f91db9de65a5deee68858edb8a80413d47bfa2cc5d2bfb3bb,565108ef343b7fd3437f76a25db527db37472b6add6a4256092917ce758b4b6d,3.333743625000352,method_run,
overlap_extreme_4c,8003,tbs_diffusion_adaptive_nnls,fixed_coordinate_bh,0.01,0.001,ok,4,1.0,0.0,,0.0,7a1560e618d0303f91db9de65a5deee68858edb8a80413d47bfa2cc5d2bfb3bb,565108ef343b7fd3437f76a25db527db37472b6add6a4256092917ce758b4b6d,3.245842749995063,method_run,
overlap_extreme_4c,8003,tbs_diffusion_adaptive_nnls,fixed_coordinate_bh,0.05,0.001,ok,4,1.0,0.0,,0.0,7a1560e618d0303f91db9de65a5deee68858edb8a80413d47bfa2cc5d2bfb3bb,565108ef343b7fd3437f76a25db527db37472b6add6a4256092917ce758b4b6d,3.2585658750031143,method_run,
overlap_extreme_4c,8003,tbs_diffusion_adaptive_nnls,fixed_coordinate_by,0.005,0.001,ok,4,1.0,0.0,,0.0,7a1560e618d0303f91db9de65a5deee68858edb8a80413d47bfa2cc5d2bfb3bb,565108ef343b7fd3437f76a25db527db37472b6add6a4256092917ce758b4b6d,3.2551851669995813,method_run,
overlap_extreme_4c,8003,tbs_diffusion_adaptive_nnls,fixed_coordinate_by,0.01,0.001,ok,4,1.0,0.0,,0.0,7a1560e618d0303f91db9de65a5deee68858edb8a80413d47bfa2cc5d2bfb3bb,565108ef343b7fd3437f76a25db527db37472b6add6a4256092917ce758b4b6d,3.295145042007789,method_run,
overlap_extreme_4c,8003,tbs_diffusion_adaptive_nnls,fixed_coordinate_by,0.05,0.001,ok,4,1.0,0.0,,0.0,7a1560e618d0303f91db9de65a5deee68858edb8a80413d47bfa2cc5d2bfb3bb,565108ef343b7fd3437f76a25db527db37472b6add6a4256092917ce758b4b6d,3.2682297909923363,method_run,
overlap_extreme_4c,8003,tbs_diffusion_graphtools_nnls,production,0.01,0.001,ok,4,1.0,0.0,,599.0,7a1560e618d0303f91db9de65a5deee68858edb8a80413d47bfa2cc5d2bfb3bb,ef06bb21918dcd02311b98e5a082b433771fa774618b7be96dbcdd6f2029bff5,3.5611015830072574,method_run,
overlap_extreme_4c,8003,tbs_diffusion_graphtools_nnls,status_rule_bypassed,0.01,0.001,ok,4,1.0,0.0,,599.0,7a1560e618d0303f91db9de65a5deee68858edb8a80413d47bfa2cc5d2bfb3bb,ef06bb21918dcd02311b98e5a082b433771fa774618b7be96dbcdd6f2029bff5,3.426023083011387,method_run,
overlap_extreme_4c,8003,tbs_diffusion_graphtools_nnls,fixed_coordinate_bh,0.005,0.001,ok,4,1.0,0.0,,0.0,7a1560e618d0303f91db9de65a5deee68858edb8a80413d47bfa2cc5d2bfb3bb,ef06bb21918dcd02311b98e5a082b433771fa774618b7be96dbcdd6f2029bff5,3.3793645830010064,method_run,
overlap_extreme_4c,8003,tbs_diffusion_graphtools_nnls,fixed_coordinate_bh,0.01,0.001,ok,4,1.0,0.0,,0.0,7a1560e618d0303f91db9de65a5deee68858edb8a80413d47bfa2cc5d2bfb3bb,ef06bb21918dcd02311b98e5a082b433771fa774618b7be96dbcdd6f2029bff5,3.3516510000044946,method_run,
overlap_extreme_4c,8003,tbs_diffusion_graphtools_nnls,fixed_coordinate_bh,0.05,0.001,ok,4,1.0,0.0,,0.0,7a1560e618d0303f91db9de65a5deee68858edb8a80413d47bfa2cc5d2bfb3bb,ef06bb21918dcd02311b98e5a082b433771fa774618b7be96dbcdd6f2029bff5,3.4252634159929585,method_run,
overlap_extreme_4c,8003,tbs_diffusion_graphtools_nnls,fixed_coordinate_by,0.005,0.001,ok,4,1.0,0.0,,0.0,7a1560e618d0303f91db9de65a5deee68858edb8a80413d47bfa2cc5d2bfb3bb,ef06bb21918dcd02311b98e5a082b433771fa774618b7be96dbcdd6f2029bff5,3.354621708000195,method_run,
overlap_extreme_4c,8003,tbs_diffusion_graphtools_nnls,fixed_coordinate_by,0.01,0.001,ok,4,1.0,0.0,,0.0,7a1560e618d0303f91db9de65a5deee68858edb8a80413d47bfa2cc5d2bfb3bb,ef06bb21918dcd02311b98e5a082b433771fa774618b7be96dbcdd6f2029bff5,3.356921583006624,method_run,
overlap_extreme_4c,8003,tbs_diffusion_graphtools_nnls,fixed_coordinate_by,0.05,0.001,ok,4,1.0,0.0,,0.0,7a1560e618d0303f91db9de65a5deee68858edb8a80413d47bfa2cc5d2bfb3bb,ef06bb21918dcd02311b98e5a082b433771fa774618b7be96dbcdd6f2029bff5,3.3591875419951975,method_run,
overlap_extreme_4c,8003,tbs_diffusion_graphtools_adaptive_nnls,production,0.01,0.001,ok,4,1.0,0.0,,599.0,7a1560e618d0303f91db9de65a5deee68858edb8a80413d47bfa2cc5d2bfb3bb,ef06bb21918dcd02311b98e5a082b433771fa774618b7be96dbcdd6f2029bff5,3.492355583002791,method_run,
overlap_extreme_4c,8003,tbs_diffusion_graphtools_adaptive_nnls,status_rule_bypassed,0.01,0.001,ok,4,1.0,0.0,,599.0,7a1560e618d0303f91db9de65a5deee68858edb8a80413d47bfa2cc5d2bfb3bb,ef06bb21918dcd02311b98e5a082b433771fa774618b7be96dbcdd6f2029bff5,3.4428288329945644,method_run,
overlap_extreme_4c,8003,tbs_diffusion_graphtools_adaptive_nnls,fixed_coordinate_bh,0.005,0.001,ok,4,1.0,0.0,,0.0,7a1560e618d0303f91db9de65a5deee68858edb8a80413d47bfa2cc5d2bfb3bb,ef06bb21918dcd02311b98e5a082b433771fa774618b7be96dbcdd6f2029bff5,3.3693449169950327,method_run,
overlap_extreme_4c,8003,tbs_diffusion_graphtools_adaptive_nnls,fixed_coordinate_bh,0.01,0.001,ok,4,1.0,0.0,,0.0,7a1560e618d0303f91db9de65a5deee68858edb8a80413d47bfa2cc5d2bfb3bb,ef06bb21918dcd02311b98e5a082b433771fa774618b7be96dbcdd6f2029bff5,3.4108817919914145,method_run,
overlap_extreme_4c,8003,tbs_diffusion_graphtools_adaptive_nnls,fixed_coordinate_bh,0.05,0.001,ok,4,1.0,0.0,,0.0,7a1560e618d0303f91db9de65a5deee68858edb8a80413d47bfa2cc5d2bfb3bb,ef06bb21918dcd02311b98e5a082b433771fa774618b7be96dbcdd6f2029bff5,3.394789625002886,method_run,
overlap_extreme_4c,8003,tbs_diffusion_graphtools_adaptive_nnls,fixed_coordinate_by,0.005,0.001,ok,4,1.0,0.0,,0.0,7a1560e618d0303f91db9de65a5deee68858edb8a80413d47bfa2cc5d2bfb3bb,ef06bb21918dcd02311b98e5a082b433771fa774618b7be96dbcdd6f2029bff5,3.4399729579890845,method_run,
overlap_extreme_4c,8003,tbs_diffusion_graphtools_adaptive_nnls,fixed_coordinate_by,0.01,0.001,ok,4,1.0,0.0,,0.0,7a1560e618d0303f91db9de65a5deee68858edb8a80413d47bfa2cc5d2bfb3bb,ef06bb21918dcd02311b98e5a082b433771fa774618b7be96dbcdd6f2029bff5,3.3938203750003595,method_run,
overlap_extreme_4c,8003,tbs_diffusion_graphtools_adaptive_nnls,fixed_coordinate_by,0.05,0.001,ok,4,1.0,0.0,,0.0,7a1560e618d0303f91db9de65a5deee68858edb8a80413d47bfa2cc5d2bfb3bb,ef06bb21918dcd02311b98e5a082b433771fa774618b7be96dbcdd6f2029bff5,3.3811989160021767,method_run,
gauss_null_small,400,tbs_diffusion_adaptive_nnls,production,0.01,0.001,unsupported,1,,,empirical_null_unvalidated_reference_law,44.0,f6c019c4a7864a3b4b7366129c22e22ff5294d4639d5b7c2f1880176e925a163,cfaf0f537f7b86085f928bebb55540f94d901db8b0702c586e7c66e7ac3603c5,0.1842463749926537,method_run,
gauss_null_small,400,tbs_diffusion_adaptive_nnls,status_rule_bypassed,0.01,0.001,ok,1,1.0,1.0,,44.0,f6c019c4a7864a3b4b7366129c22e22ff5294d4639d5b7c2f1880176e925a163,cfaf0f537f7b86085f928bebb55540f94d901db8b0702c586e7c66e7ac3603c5,0.1244240829983027,method_run,
gauss_null_small,400,tbs_diffusion_adaptive_nnls,fixed_coordinate_bh,0.005,0.001,ok,1,2.0,0.0,,0.0,f6c019c4a7864a3b4b7366129c22e22ff5294d4639d5b7c2f1880176e925a163,cfaf0f537f7b86085f928bebb55540f94d901db8b0702c586e7c66e7ac3603c5,0.1208099170034984,method_run,
gauss_null_small,400,tbs_diffusion_adaptive_nnls,fixed_coordinate_bh,0.01,0.001,ok,1,2.0,0.0,,0.0,f6c019c4a7864a3b4b7366129c22e22ff5294d4639d5b7c2f1880176e925a163,cfaf0f537f7b86085f928bebb55540f94d901db8b0702c586e7c66e7ac3603c5,0.1233197919937083,method_run,
gauss_null_small,400,tbs_diffusion_adaptive_nnls,fixed_coordinate_bh,0.05,0.001,ok,1,6.0,0.0,,0.0,f6c019c4a7864a3b4b7366129c22e22ff5294d4639d5b7c2f1880176e925a163,cfaf0f537f7b86085f928bebb55540f94d901db8b0702c586e7c66e7ac3603c5,0.1201714579947292,method_run,
gauss_null_small,400,tbs_diffusion_adaptive_nnls,fixed_coordinate_by,0.005,0.001,ok,1,2.0,0.0,,0.0,f6c019c4a7864a3b4b7366129c22e22ff5294d4639d5b7c2f1880176e925a163,cfaf0f537f7b86085f928bebb55540f94d901db8b0702c586e7c66e7ac3603c5,0.1219866249884944,method_run,
gauss_null_small,400,tbs_diffusion_adaptive_nnls,fixed_coordinate_by,0.01,0.001,ok,1,2.0,0.0,,0.0,f6c019c4a7864a3b4b7366129c22e22ff5294d4639d5b7c2f1880176e925a163,cfaf0f537f7b86085f928bebb55540f94d901db8b0702c586e7c66e7ac3603c5,0.1229960830096388,method_run,
gauss_null_small,400,tbs_diffusion_adaptive_nnls,fixed_coordinate_by,0.05,0.001,ok,1,2.0,0.0,,0.0,f6c019c4a7864a3b4b7366129c22e22ff5294d4639d5b7c2f1880176e925a163,cfaf0f537f7b86085f928bebb55540f94d901db8b0702c586e7c66e7ac3603c5,0.1179819170065457,method_run,
gauss_null_small,400,tbs_diffusion_graphtools_nnls,production,0.01,0.001,unsupported,1,,,empirical_null_unvalidated_reference_law,33.0,f6c019c4a7864a3b4b7366129c22e22ff5294d4639d5b7c2f1880176e925a163,24dcfe4aca1072c901fae67e2f4a3ebd51445ae6ae94f08369fed948cfdfcc24,0.1336106670059962,method_run,
gauss_null_small,400,tbs_diffusion_graphtools_nnls,status_rule_bypassed,0.01,0.001,ok,1,1.0,1.0,,33.0,f6c019c4a7864a3b4b7366129c22e22ff5294d4639d5b7c2f1880176e925a163,24dcfe4aca1072c901fae67e2f4a3ebd51445ae6ae94f08369fed948cfdfcc24,0.1185635830042883,method_run,
gauss_null_small,400,tbs_diffusion_graphtools_nnls,fixed_coordinate_bh,0.005,0.001,ok,1,2.0,0.0,,0.0,f6c019c4a7864a3b4b7366129c22e22ff5294d4639d5b7c2f1880176e925a163,24dcfe4aca1072c901fae67e2f4a3ebd51445ae6ae94f08369fed948cfdfcc24,0.1273522499977843,method_run,
gauss_null_small,400,tbs_diffusion_graphtools_nnls,fixed_coordinate_bh,0.01,0.001,ok,1,2.0,0.0,,0.0,f6c019c4a7864a3b4b7366129c22e22ff5294d4639d5b7c2f1880176e925a163,24dcfe4aca1072c901fae67e2f4a3ebd51445ae6ae94f08369fed948cfdfcc24,0.1246226670045871,method_run,
gauss_null_small,400,tbs_diffusion_graphtools_nnls,fixed_coordinate_bh,0.05,0.001,ok,1,5.0,0.0,,0.0,f6c019c4a7864a3b4b7366129c22e22ff5294d4639d5b7c2f1880176e925a163,24dcfe4aca1072c901fae67e2f4a3ebd51445ae6ae94f08369fed948cfdfcc24,0.1359212920069694,method_run,
gauss_null_small,400,tbs_diffusion_graphtools_nnls,fixed_coordinate_by,0.005,0.001,ok,1,2.0,0.0,,0.0,f6c019c4a7864a3b4b7366129c22e22ff5294d4639d5b7c2f1880176e925a163,24dcfe4aca1072c901fae67e2f4a3ebd51445ae6ae94f08369fed948cfdfcc24,0.1232514169969363,method_run,
gauss_null_small,400,tbs_diffusion_graphtools_nnls,fixed_coordinate_by,0.01,0.001,ok,1,2.0,0.0,,0.0,f6c019c4a7864a3b4b7366129c22e22ff5294d4639d5b7c2f1880176e925a163,24dcfe4aca1072c901fae67e2f4a3ebd51445ae6ae94f08369fed948cfdfcc24,0.1221749999967869,method_run,
gauss_null_small,400,tbs_diffusion_graphtools_nnls,fixed_coordinate_by,0.05,0.001,ok,1,3.0,0.0,,0.0,f6c019c4a7864a3b4b7366129c22e22ff5294d4639d5b7c2f1880176e925a163,24dcfe4aca1072c901fae67e2f4a3ebd51445ae6ae94f08369fed948cfdfcc24,0.123004207998747,method_run,
gauss_null_small,400,tbs_diffusion_graphtools_adaptive_nnls,production,0.01,0.001,unsupported,1,,,empirical_null_unvalidated_reference_law,33.0,f6c019c4a7864a3b4b7366129c22e22ff5294d4639d5b7c2f1880176e925a163,24dcfe4aca1072c901fae67e2f4a3ebd51445ae6ae94f08369fed948cfdfcc24,0.1478242500015767,method_run,
gauss_null_small,400,tbs_diffusion_graphtools_adaptive_nnls,status_rule_bypassed,0.01,0.001,ok,1,1.0,1.0,,33.0,f6c019c4a7864a3b4b7366129c22e22ff5294d4639d5b7c2f1880176e925a163,24dcfe4aca1072c901fae67e2f4a3ebd51445ae6ae94f08369fed948cfdfcc24,0.1305753749911673,method_run,
gauss_null_small,400,tbs_diffusion_graphtools_adaptive_nnls,fixed_coordinate_bh,0.005,0.001,ok,1,2.0,0.0,,0.0,f6c019c4a7864a3b4b7366129c22e22ff5294d4639d5b7c2f1880176e925a163,24dcfe4aca1072c901fae67e2f4a3ebd51445ae6ae94f08369fed948cfdfcc24,0.1235410840017721,method_run,
gauss_null_small,400,tbs_diffusion_graphtools_adaptive_nnls,fixed_coordinate_bh,0.01,0.001,ok,1,2.0,0.0,,0.0,f6c019c4a7864a3b4b7366129c22e22ff5294d4639d5b7c2f1880176e925a163,24dcfe4aca1072c901fae67e2f4a3ebd51445ae6ae94f08369fed948cfdfcc24,0.120356208004523,method_run,
gauss_null_small,400,tbs_diffusion_graphtools_adaptive_nnls,fixed_coordinate_bh,0.05,0.001,ok,1,5.0,0.0,,0.0,f6c019c4a7864a3b4b7366129c22e22ff5294d4639d5b7c2f1880176e925a163,24dcfe4aca1072c901fae67e2f4a3ebd51445ae6ae94f08369fed948cfdfcc24,0.1193132920016069,method_run,
gauss_null_small,400,tbs_diffusion_graphtools_adaptive_nnls,fixed_coordinate_by,0.005,0.001,ok,1,2.0,0.0,,0.0,f6c019c4a7864a3b4b7366129c22e22ff5294d4639d5b7c2f1880176e925a163,24dcfe4aca1072c901fae67e2f4a3ebd51445ae6ae94f08369fed948cfdfcc24,0.1205763750040205,method_run,
gauss_null_small,400,tbs_diffusion_graphtools_adaptive_nnls,fixed_coordinate_by,0.01,0.001,ok,1,2.0,0.0,,0.0,f6c019c4a7864a3b4b7366129c22e22ff5294d4639d5b7c2f1880176e925a163,24dcfe4aca1072c901fae67e2f4a3ebd51445ae6ae94f08369fed948cfdfcc24,0.1241057500010356,method_run,
gauss_null_small,400,tbs_diffusion_graphtools_adaptive_nnls,fixed_coordinate_by,0.05,0.001,ok,1,3.0,0.0,,0.0,f6c019c4a7864a3b4b7366129c22e22ff5294d4639d5b7c2f1880176e925a163,24dcfe4aca1072c901fae67e2f4a3ebd51445ae6ae94f08369fed948cfdfcc24,0.1222976249991916,method_run,
gauss_null_large,401,tbs_diffusion_adaptive_nnls,production,0.01,0.001,ok,1,1.0,1.0,,199.0,db76f004dd906ac78211bf4949779368fc6267c290d6ef311d6680f2fa87cbdd,e4b6e2e65e85ec7d571c6817abfe84abcd6ef7a6d69137da6b4b1592e4f9612b,0.76243504199374,method_run,
gauss_null_large,401,tbs_diffusion_adaptive_nnls,status_rule_bypassed,0.01,0.001,ok,1,1.0,1.0,,199.0,db76f004dd906ac78211bf4949779368fc6267c290d6ef311d6680f2fa87cbdd,e4b6e2e65e85ec7d571c6817abfe84abcd6ef7a6d69137da6b4b1592e4f9612b,0.6943745000025956,method_run,
gauss_null_large,401,tbs_diffusion_adaptive_nnls,fixed_coordinate_bh,0.005,0.001,ok,1,1.0,1.0,,0.0,db76f004dd906ac78211bf4949779368fc6267c290d6ef311d6680f2fa87cbdd,e4b6e2e65e85ec7d571c6817abfe84abcd6ef7a6d69137da6b4b1592e4f9612b,0.6705666669877246,method_run,
gauss_null_large,401,tbs_diffusion_adaptive_nnls,fixed_coordinate_bh,0.01,0.001,ok,1,1.0,1.0,,0.0,db76f004dd906ac78211bf4949779368fc6267c290d6ef311d6680f2fa87cbdd,e4b6e2e65e85ec7d571c6817abfe84abcd6ef7a6d69137da6b4b1592e4f9612b,0.6892249170050491,method_run,
gauss_null_large,401,tbs_diffusion_adaptive_nnls,fixed_coordinate_bh,0.05,0.001,ok,1,1.0,1.0,,0.0,db76f004dd906ac78211bf4949779368fc6267c290d6ef311d6680f2fa87cbdd,e4b6e2e65e85ec7d571c6817abfe84abcd6ef7a6d69137da6b4b1592e4f9612b,0.6718039580009645,method_run,
gauss_null_large,401,tbs_diffusion_adaptive_nnls,fixed_coordinate_by,0.005,0.001,ok,1,1.0,1.0,,0.0,db76f004dd906ac78211bf4949779368fc6267c290d6ef311d6680f2fa87cbdd,e4b6e2e65e85ec7d571c6817abfe84abcd6ef7a6d69137da6b4b1592e4f9612b,0.6736957920074929,method_run,
gauss_null_large,401,tbs_diffusion_adaptive_nnls,fixed_coordinate_by,0.01,0.001,ok,1,1.0,1.0,,0.0,db76f004dd906ac78211bf4949779368fc6267c290d6ef311d6680f2fa87cbdd,e4b6e2e65e85ec7d571c6817abfe84abcd6ef7a6d69137da6b4b1592e4f9612b,0.6716542080102954,method_run,
gauss_null_large,401,tbs_diffusion_adaptive_nnls,fixed_coordinate_by,0.05,0.001,ok,1,1.0,1.0,,0.0,db76f004dd906ac78211bf4949779368fc6267c290d6ef311d6680f2fa87cbdd,e4b6e2e65e85ec7d571c6817abfe84abcd6ef7a6d69137da6b4b1592e4f9612b,0.6761177919979673,method_run,
gauss_null_large,401,tbs_diffusion_graphtools_nnls,production,0.01,0.001,unsupported,1,,,empirical_null_unvalidated_reference_law,175.0,db76f004dd906ac78211bf4949779368fc6267c290d6ef311d6680f2fa87cbdd,c40cf14a4a09ac36753c7a2001967b72d926f5bf3c4f7fffed2de715477d4404,0.7114362499996787,method_run,
gauss_null_large,401,tbs_diffusion_graphtools_nnls,status_rule_bypassed,0.01,0.001,ok,1,1.0,1.0,,175.0,db76f004dd906ac78211bf4949779368fc6267c290d6ef311d6680f2fa87cbdd,c40cf14a4a09ac36753c7a2001967b72d926f5bf3c4f7fffed2de715477d4404,0.701420124998549,method_run,
gauss_null_large,401,tbs_diffusion_graphtools_nnls,fixed_coordinate_bh,0.005,0.001,ok,1,2.0,0.0,,0.0,db76f004dd906ac78211bf4949779368fc6267c290d6ef311d6680f2fa87cbdd,c40cf14a4a09ac36753c7a2001967b72d926f5bf3c4f7fffed2de715477d4404,0.6802202079998096,method_run,
gauss_null_large,401,tbs_diffusion_graphtools_nnls,fixed_coordinate_bh,0.01,0.001,ok,1,2.0,0.0,,0.0,db76f004dd906ac78211bf4949779368fc6267c290d6ef311d6680f2fa87cbdd,c40cf14a4a09ac36753c7a2001967b72d926f5bf3c4f7fffed2de715477d4404,0.699708667001687,method_run,
gauss_null_large,401,tbs_diffusion_graphtools_nnls,fixed_coordinate_bh,0.05,0.001,ok,1,2.0,0.0,,0.0,db76f004dd906ac78211bf4949779368fc6267c290d6ef311d6680f2fa87cbdd,c40cf14a4a09ac36753c7a2001967b72d926f5bf3c4f7fffed2de715477d4404,0.7034069999936037,method_run,
gauss_null_large,401,tbs_diffusion_graphtools_nnls,fixed_coordinate_by,0.005,0.001,ok,1,1.0,1.0,,0.0,db76f004dd906ac78211bf4949779368fc6267c290d6ef311d6680f2fa87cbdd,c40cf14a4a09ac36753c7a2001967b72d926f5bf3c4f7fffed2de715477d4404,0.6814564589876682,method_run,
gauss_null_large,401,tbs_diffusion_graphtools_nnls,fixed_coordinate_by,0.01,0.001,ok,1,2.0,0.0,,0.0,db76f004dd906ac78211bf4949779368fc6267c290d6ef311d6680f2fa87cbdd,c40cf14a4a09ac36753c7a2001967b72d926f5bf3c4f7fffed2de715477d4404,0.6856278749910416,method_run,
gauss_null_large,401,tbs_diffusion_graphtools_nnls,fixed_coordinate_by,0.05,0.001,ok,1,2.0,0.0,,0.0,db76f004dd906ac78211bf4949779368fc6267c290d6ef311d6680f2fa87cbdd,c40cf14a4a09ac36753c7a2001967b72d926f5bf3c4f7fffed2de715477d4404,0.6828315000020666,method_run,
gauss_null_large,401,tbs_diffusion_graphtools_adaptive_nnls,production,0.01,0.001,unsupported,1,,,empirical_null_unvalidated_reference_law,175.0,db76f004dd906ac78211bf4949779368fc6267c290d6ef311d6680f2fa87cbdd,c40cf14a4a09ac36753c7a2001967b72d926f5bf3c4f7fffed2de715477d4404,0.738748708012281,method_run,
gauss_null_large,401,tbs_diffusion_graphtools_adaptive_nnls,status_rule_bypassed,0.01,0.001,ok,1,1.0,1.0,,175.0,db76f004dd906ac78211bf4949779368fc6267c290d6ef311d6680f2fa87cbdd,c40cf14a4a09ac36753c7a2001967b72d926f5bf3c4f7fffed2de715477d4404,0.6943776660045842,method_run,
gauss_null_large,401,tbs_diffusion_graphtools_adaptive_nnls,fixed_coordinate_bh,0.005,0.001,ok,1,2.0,0.0,,0.0,db76f004dd906ac78211bf4949779368fc6267c290d6ef311d6680f2fa87cbdd,c40cf14a4a09ac36753c7a2001967b72d926f5bf3c4f7fffed2de715477d4404,0.682497500005411,method_run,
gauss_null_large,401,tbs_diffusion_graphtools_adaptive_nnls,fixed_coordinate_bh,0.01,0.001,ok,1,2.0,0.0,,0.0,db76f004dd906ac78211bf4949779368fc6267c290d6ef311d6680f2fa87cbdd,c40cf14a4a09ac36753c7a2001967b72d926f5bf3c4f7fffed2de715477d4404,0.6840849169966532,method_run,
gauss_null_large,401,tbs_diffusion_graphtools_adaptive_nnls,fixed_coordinate_bh,0.05,0.001,ok,1,2.0,0.0,,0.0,db76f004dd906ac78211bf4949779368fc6267c290d6ef311d6680f2fa87cbdd,c40cf14a4a09ac36753c7a2001967b72d926f5bf3c4f7fffed2de715477d4404,0.6830651670024963,method_run,
gauss_null_large,401,tbs_diffusion_graphtools_adaptive_nnls,fixed_coordinate_by,0.005,0.001,ok,1,1.0,1.0,,0.0,db76f004dd906ac78211bf4949779368fc6267c290d6ef311d6680f2fa87cbdd,c40cf14a4a09ac36753c7a2001967b72d926f5bf3c4f7fffed2de715477d4404,0.7284767079981975,method_run,
gauss_null_large,401,tbs_diffusion_graphtools_adaptive_nnls,fixed_coordinate_by,0.01,0.001,ok,1,2.0,0.0,,0.0,db76f004dd906ac78211bf4949779368fc6267c290d6ef311d6680f2fa87cbdd,c40cf14a4a09ac36753c7a2001967b72d926f5bf3c4f7fffed2de715477d4404,0.6890989999956219,method_run,
gauss_null_large,401,tbs_diffusion_graphtools_adaptive_nnls,fixed_coordinate_by,0.05,0.001,ok,1,2.0,0.0,,0.0,db76f004dd906ac78211bf4949779368fc6267c290d6ef311d6680f2fa87cbdd,c40cf14a4a09ac36753c7a2001967b72d926f5bf3c4f7fffed2de715477d4404,0.6775028340052813,method_run,
binary_null_small,10000,tbs_diffusion_adaptive_nnls,production,0.01,0.001,skip,1,,,,,e14a27b90b6abec9d0ba64a595d08dd05f1e7839e25bb309f425cd03e9a3316f,74234e98afe7498fb5daf1f36ac2d78acc339464f950703b8c019892f982b90b,0.00034254199999850243,method_run,"tbs_diffusion_adaptive_nnls uses pydiffmap variable-bandwidth diffusion, but the largest exact duplicate block has 60 rows. pydiffmap's internal NNKDE query size is 8, which can produce zero local bandwidths and non-finite diffusion weights."
binary_null_small,10000,tbs_diffusion_adaptive_nnls,status_rule_bypassed,0.01,0.001,skip,1,,,,,e14a27b90b6abec9d0ba64a595d08dd05f1e7839e25bb309f425cd03e9a3316f,74234e98afe7498fb5daf1f36ac2d78acc339464f950703b8c019892f982b90b,0.0,input_contract_skip,"tbs_diffusion_adaptive_nnls uses pydiffmap variable-bandwidth diffusion, but the largest exact duplicate block has 60 rows. pydiffmap's internal NNKDE query size is 8, which can produce zero local bandwidths and non-finite diffusion weights."
binary_null_small,10000,tbs_diffusion_adaptive_nnls,fixed_coordinate_bh,0.005,0.001,skip,1,,,,,e14a27b90b6abec9d0ba64a595d08dd05f1e7839e25bb309f425cd03e9a3316f,74234e98afe7498fb5daf1f36ac2d78acc339464f950703b8c019892f982b90b,0.0,input_contract_skip,"tbs_diffusion_adaptive_nnls uses pydiffmap variable-bandwidth diffusion, but the largest exact duplicate block has 60 rows. pydiffmap's internal NNKDE query size is 8, which can produce zero local bandwidths and non-finite diffusion weights."
binary_null_small,10000,tbs_diffusion_adaptive_nnls,fixed_coordinate_bh,0.01,0.001,skip,1,,,,,e14a27b90b6abec9d0ba64a595d08dd05f1e7839e25bb309f425cd03e9a3316f,74234e98afe7498fb5daf1f36ac2d78acc339464f950703b8c019892f982b90b,0.0,input_contract_skip,"tbs_diffusion_adaptive_nnls uses pydiffmap variable-bandwidth diffusion, but the largest exact duplicate block has 60 rows. pydiffmap's internal NNKDE query size is 8, which can produce zero local bandwidths and non-finite diffusion weights."
binary_null_small,10000,tbs_diffusion_adaptive_nnls,fixed_coordinate_bh,0.05,0.001,skip,1,,,,,e14a27b90b6abec9d0ba64a595d08dd05f1e7839e25bb309f425cd03e9a3316f,74234e98afe7498fb5daf1f36ac2d78acc339464f950703b8c019892f982b90b,0.0,input_contract_skip,"tbs_diffusion_adaptive_nnls uses pydiffmap variable-bandwidth diffusion, but the largest exact duplicate block has 60 rows. pydiffmap's internal NNKDE query size is 8, which can produce zero local bandwidths and non-finite diffusion weights."
binary_null_small,10000,tbs_diffusion_adaptive_nnls,fixed_coordinate_by,0.005,0.001,skip,1,,,,,e14a27b90b6abec9d0ba64a595d08dd05f1e7839e25bb309f425cd03e9a3316f,74234e98afe7498fb5daf1f36ac2d78acc339464f950703b8c019892f982b90b,0.0,input_contract_skip,"tbs_diffusion_adaptive_nnls uses pydiffmap variable-bandwidth diffusion, but the largest exact duplicate block has 60 rows. pydiffmap's internal NNKDE query size is 8, which can produce zero local bandwidths and non-finite diffusion weights."
binary_null_small,10000,tbs_diffusion_adaptive_nnls,fixed_coordinate_by,0.01,0.001,skip,1,,,,,e14a27b90b6abec9d0ba64a595d08dd05f1e7839e25bb309f425cd03e9a3316f,74234e98afe7498fb5daf1f36ac2d78acc339464f950703b8c019892f982b90b,0.0,input_contract_skip,"tbs_diffusion_adaptive_nnls uses pydiffmap variable-bandwidth diffusion, but the largest exact duplicate block has 60 rows. pydiffmap's internal NNKDE query size is 8, which can produce zero local bandwidths and non-finite diffusion weights."
binary_null_small,10000,tbs_diffusion_adaptive_nnls,fixed_coordinate_by,0.05,0.001,skip,1,,,,,e14a27b90b6abec9d0ba64a595d08dd05f1e7839e25bb309f425cd03e9a3316f,74234e98afe7498fb5daf1f36ac2d78acc339464f950703b8c019892f982b90b,0.0,input_contract_skip,"tbs_diffusion_adaptive_nnls uses pydiffmap variable-bandwidth diffusion, but the largest exact duplicate block has 60 rows. pydiffmap's internal NNKDE query size is 8, which can produce zero local bandwidths and non-finite diffusion weights."
binary_null_small,10000,tbs_diffusion_graphtools_nnls,production,0.01,0.001,ok,1,1.0,1.0,,59.0,e14a27b90b6abec9d0ba64a595d08dd05f1e7839e25bb309f425cd03e9a3316f,b7d44963ef97d6e22dad80eefc123992d99775f867ac4152bce6f8884cb2df8f,1.1730490420013666,method_run,
binary_null_small,10000,tbs_diffusion_graphtools_nnls,status_rule_bypassed,0.01,0.001,ok,1,1.0,1.0,,59.0,e14a27b90b6abec9d0ba64a595d08dd05f1e7839e25bb309f425cd03e9a3316f,b7d44963ef97d6e22dad80eefc123992d99775f867ac4152bce6f8884cb2df8f,0.11419537500478327,method_run,
binary_null_small,10000,tbs_diffusion_graphtools_nnls,fixed_coordinate_bh,0.005,0.001,ok,1,1.0,1.0,,0.0,e14a27b90b6abec9d0ba64a595d08dd05f1e7839e25bb309f425cd03e9a3316f,b7d44963ef97d6e22dad80eefc123992d99775f867ac4152bce6f8884cb2df8f,0.11210337500961032,method_run,
binary_null_small,10000,tbs_diffusion_graphtools_nnls,fixed_coordinate_bh,0.01,0.001,ok,1,1.0,1.0,,0.0,e14a27b90b6abec9d0ba64a595d08dd05f1e7839e25bb309f425cd03e9a3316f,b7d44963ef97d6e22dad80eefc123992d99775f867ac4152bce6f8884cb2df8f,0.1147876670002006,method_run,
binary_null_small,10000,tbs_diffusion_graphtools_nnls,fixed_coordinate_bh,0.05,0.001,ok,1,1.0,1.0,,0.0,e14a27b90b6abec9d0ba64a595d08dd05f1e7839e25bb309f425cd03e9a3316f,b7d44963ef97d6e22dad80eefc123992d99775f867ac4152bce6f8884cb2df8f,0.11407412499829661,method_run,
binary_null_small,10000,tbs_diffusion_graphtools_nnls,fixed_coordinate_by,0.005,0.001,ok,1,1.0,1.0,,0.0,e14a27b90b6abec9d0ba64a595d08dd05f1e7839e25bb309f425cd03e9a3316f,b7d44963ef97d6e22dad80eefc123992d99775f867ac4152bce6f8884cb2df8f,0.11428974999580532,method_run,
binary_null_small,10000,tbs_diffusion_graphtools_nnls,fixed_coordinate_by,0.01,0.001,ok,1,1.0,1.0,,0.0,e14a27b90b6abec9d0ba64a595d08dd05f1e7839e25bb309f425cd03e9a3316f,b7d44963ef97d6e22dad80eefc123992d99775f867ac4152bce6f8884cb2df8f,0.1127231670106994,method_run,
binary_null_small,10000,tbs_diffusion_graphtools_nnls,fixed_coordinate_by,0.05,0.001,ok,1,1.0,1.0,,0.0,e14a27b90b6abec9d0ba64a595d08dd05f1e7839e25bb309f425cd03e9a3316f,b7d44963ef97d6e22dad80eefc123992d99775f867ac4152bce6f8884cb2df8f,0.11301412500324659,method_run,
binary_null_small,10000,tbs_diffusion_graphtools_adaptive_nnls,production,0.01,0.001,ok,1,1.0,1.0,,59.0,e14a27b90b6abec9d0ba64a595d08dd05f1e7839e25bb309f425cd03e9a3316f,b7d44963ef97d6e22dad80eefc123992d99775f867ac4152bce6f8884cb2df8f,0.15462716600450221,method_run,
binary_null_small,10000,tbs_diffusion_graphtools_adaptive_nnls,status_rule_bypassed,0.01,0.001,ok,1,1.0,1.0,,59.0,e14a27b90b6abec9d0ba64a595d08dd05f1e7839e25bb309f425cd03e9a3316f,b7d44963ef97d6e22dad80eefc123992d99775f867ac4152bce6f8884cb2df8f,0.11917116699623875,method_run,
binary_null_small,10000,tbs_diffusion_graphtools_adaptive_nnls,fixed_coordinate_bh,0.005,0.001,ok,1,1.0,1.0,,0.0,e14a27b90b6abec9d0ba64a595d08dd05f1e7839e25bb309f425cd03e9a3316f,b7d44963ef97d6e22dad80eefc123992d99775f867ac4152bce6f8884cb2df8f,0.11836208400200121,method_run,
binary_null_small,10000,tbs_diffusion_graphtools_adaptive_nnls,fixed_coordinate_bh,0.01,0.001,ok,1,1.0,1.0,,0.0,e14a27b90b6abec9d0ba64a595d08dd05f1e7839e25bb309f425cd03e9a3316f,b7d44963ef97d6e22dad80eefc123992d99775f867ac4152bce6f8884cb2df8f,0.11669350000738632,method_run,
binary_null_small,10000,tbs_diffusion_graphtools_adaptive_nnls,fixed_coordinate_bh,0.05,0.001,ok,1,1.0,1.0,,0.0,e14a27b90b6abec9d0ba64a595d08dd05f1e7839e25bb309f425cd03e9a3316f,b7d44963ef97d6e22dad80eefc123992d99775f867ac4152bce6f8884cb2df8f,0.11749270898872055,method_run,
binary_null_small,10000,tbs_diffusion_graphtools_adaptive_nnls,fixed_coordinate_by,0.005,0.001,ok,1,1.0,1.0,,0.0,e14a27b90b6abec9d0ba64a595d08dd05f1e7839e25bb309f425cd03e9a3316f,b7d44963ef97d6e22dad80eefc123992d99775f867ac4152bce6f8884cb2df8f,0.11398508299316745,method_run,
binary_null_small,10000,tbs_diffusion_graphtools_adaptive_nnls,fixed_coordinate_by,0.01,0.001,ok,1,1.0,1.0,,0.0,e14a27b90b6abec9d0ba64a595d08dd05f1e7839e25bb309f425cd03e9a3316f,b7d44963ef97d6e22dad80eefc123992d99775f867ac4152bce6f8884cb2df8f,0.11660649999976158,method_run,
binary_null_small,10000,tbs_diffusion_graphtools_adaptive_nnls,fixed_coordinate_by,0.05,0.001,ok,1,1.0,1.0,,0.0,e14a27b90b6abec9d0ba64a595d08dd05f1e7839e25bb309f425cd03e9a3316f,b7d44963ef97d6e22dad80eefc123992d99775f867ac4152bce6f8884cb2df8f,0.11597225000150502,method_run,
binary_null_medium,10001,tbs_diffusion_adaptive_nnls,production,0.01,0.001,skip,1,,,,,6d72fe77a23a0399df8a1252ce27bc0f433fd6e5bea78f4c74aa9795629c6a70,74234e98afe7498fb5daf1f36ac2d78acc339464f950703b8c019892f982b90b,0.0020405830000527203,method_run,"tbs_diffusion_adaptive_nnls uses pydiffmap variable-bandwidth diffusion, but the largest exact duplicate block has 200 rows. pydiffmap's internal NNKDE query size is 8, which can produce zero local bandwidths and non-finite diffusion weights."
binary_null_medium,10001,tbs_diffusion_adaptive_nnls,status_rule_bypassed,0.01,0.001,skip,1,,,,,6d72fe77a23a0399df8a1252ce27bc0f433fd6e5bea78f4c74aa9795629c6a70,74234e98afe7498fb5daf1f36ac2d78acc339464f950703b8c019892f982b90b,0.0,input_contract_skip,"tbs_diffusion_adaptive_nnls uses pydiffmap variable-bandwidth diffusion, but the largest exact duplicate block has 200 rows. pydiffmap's internal NNKDE query size is 8, which can produce zero local bandwidths and non-finite diffusion weights."
binary_null_medium,10001,tbs_diffusion_adaptive_nnls,fixed_coordinate_bh,0.005,0.001,skip,1,,,,,6d72fe77a23a0399df8a1252ce27bc0f433fd6e5bea78f4c74aa9795629c6a70,74234e98afe7498fb5daf1f36ac2d78acc339464f950703b8c019892f982b90b,0.0,input_contract_skip,"tbs_diffusion_adaptive_nnls uses pydiffmap variable-bandwidth diffusion, but the largest exact duplicate block has 200 rows. pydiffmap's internal NNKDE query size is 8, which can produce zero local bandwidths and non-finite diffusion weights."
binary_null_medium,10001,tbs_diffusion_adaptive_nnls,fixed_coordinate_bh,0.01,0.001,skip,1,,,,,6d72fe77a23a0399df8a1252ce27bc0f433fd6e5bea78f4c74aa9795629c6a70,74234e98afe7498fb5daf1f36ac2d78acc339464f950703b8c019892f982b90b,0.0,input_contract_skip,"tbs_diffusion_adaptive_nnls uses pydiffmap variable-bandwidth diffusion, but the largest exact duplicate block has 200 rows. pydiffmap's internal NNKDE query size is 8, which can produce zero local bandwidths and non-finite diffusion weights."
binary_null_medium,10001,tbs_diffusion_adaptive_nnls,fixed_coordinate_bh,0.05,0.001,skip,1,,,,,6d72fe77a23a0399df8a1252ce27bc0f433fd6e5bea78f4c74aa9795629c6a70,74234e98afe7498fb5daf1f36ac2d78acc339464f950703b8c019892f982b90b,0.0,input_contract_skip,"tbs_diffusion_adaptive_nnls uses pydiffmap variable-bandwidth diffusion, but the largest exact duplicate block has 200 rows. pydiffmap's internal NNKDE query size is 8, which can produce zero local bandwidths and non-finite diffusion weights."
binary_null_medium,10001,tbs_diffusion_adaptive_nnls,fixed_coordinate_by,0.005,0.001,skip,1,,,,,6d72fe77a23a0399df8a1252ce27bc0f433fd6e5bea78f4c74aa9795629c6a70,74234e98afe7498fb5daf1f36ac2d78acc339464f950703b8c019892f982b90b,0.0,input_contract_skip,"tbs_diffusion_adaptive_nnls uses pydiffmap variable-bandwidth diffusion, but the largest exact duplicate block has 200 rows. pydiffmap's internal NNKDE query size is 8, which can produce zero local bandwidths and non-finite diffusion weights."
binary_null_medium,10001,tbs_diffusion_adaptive_nnls,fixed_coordinate_by,0.01,0.001,skip,1,,,,,6d72fe77a23a0399df8a1252ce27bc0f433fd6e5bea78f4c74aa9795629c6a70,74234e98afe7498fb5daf1f36ac2d78acc339464f950703b8c019892f982b90b,0.0,input_contract_skip,"tbs_diffusion_adaptive_nnls uses pydiffmap variable-bandwidth diffusion, but the largest exact duplicate block has 200 rows. pydiffmap's internal NNKDE query size is 8, which can produce zero local bandwidths and non-finite diffusion weights."
binary_null_medium,10001,tbs_diffusion_adaptive_nnls,fixed_coordinate_by,0.05,0.001,skip,1,,,,,6d72fe77a23a0399df8a1252ce27bc0f433fd6e5bea78f4c74aa9795629c6a70,74234e98afe7498fb5daf1f36ac2d78acc339464f950703b8c019892f982b90b,0.0,input_contract_skip,"tbs_diffusion_adaptive_nnls uses pydiffmap variable-bandwidth diffusion, but the largest exact duplicate block has 200 rows. pydiffmap's internal NNKDE query size is 8, which can produce zero local bandwidths and non-finite diffusion weights."
binary_null_medium,10001,tbs_diffusion_graphtools_nnls,production,0.01,0.001,ok,1,1.0,1.0,,199.0,6d72fe77a23a0399df8a1252ce27bc0f433fd6e5bea78f4c74aa9795629c6a70,59bde7cfea1b44be16e37d9b12ee4fdf5e35542b36cd2d15178a8526df9c35f8,0.662374292005552,method_run,
binary_null_medium,10001,tbs_diffusion_graphtools_nnls,status_rule_bypassed,0.01,0.001,ok,1,1.0,1.0,,199.0,6d72fe77a23a0399df8a1252ce27bc0f433fd6e5bea78f4c74aa9795629c6a70,59bde7cfea1b44be16e37d9b12ee4fdf5e35542b36cd2d15178a8526df9c35f8,0.6259200829954352,method_run,
binary_null_medium,10001,tbs_diffusion_graphtools_nnls,fixed_coordinate_bh,0.005,0.001,ok,1,1.0,1.0,,0.0,6d72fe77a23a0399df8a1252ce27bc0f433fd6e5bea78f4c74aa9795629c6a70,59bde7cfea1b44be16e37d9b12ee4fdf5e35542b36cd2d15178a8526df9c35f8,0.6043412919971161,method_run,
binary_null_medium,10001,tbs_diffusion_graphtools_nnls,fixed_coordinate_bh,0.01,0.001,ok,1,1.0,1.0,,0.0,6d72fe77a23a0399df8a1252ce27bc0f433fd6e5bea78f4c74aa9795629c6a70,59bde7cfea1b44be16e37d9b12ee4fdf5e35542b36cd2d15178a8526df9c35f8,0.5941078750038287,method_run,
binary_null_medium,10001,tbs_diffusion_graphtools_nnls,fixed_coordinate_bh,0.05,0.001,ok,1,1.0,1.0,,0.0,6d72fe77a23a0399df8a1252ce27bc0f433fd6e5bea78f4c74aa9795629c6a70,59bde7cfea1b44be16e37d9b12ee4fdf5e35542b36cd2d15178a8526df9c35f8,0.5852544579975074,method_run,
binary_null_medium,10001,tbs_diffusion_graphtools_nnls,fixed_coordinate_by,0.005,0.001,ok,1,1.0,1.0,,0.0,6d72fe77a23a0399df8a1252ce27bc0f433fd6e5bea78f4c74aa9795629c6a70,59bde7cfea1b44be16e37d9b12ee4fdf5e35542b36cd2d15178a8526df9c35f8,0.6204247499990743,method_run,
binary_null_medium,10001,tbs_diffusion_graphtools_nnls,fixed_coordinate_by,0.01,0.001,ok,1,1.0,1.0,,0.0,6d72fe77a23a0399df8a1252ce27bc0f433fd6e5bea78f4c74aa9795629c6a70,59bde7cfea1b44be16e37d9b12ee4fdf5e35542b36cd2d15178a8526df9c35f8,0.5859973749902565,method_run,
binary_null_medium,10001,tbs_diffusion_graphtools_nnls,fixed_coordinate_by,0.05,0.001,ok,1,1.0,1.0,,0.0,6d72fe77a23a0399df8a1252ce27bc0f433fd6e5bea78f4c74aa9795629c6a70,59bde7cfea1b44be16e37d9b12ee4fdf5e35542b36cd2d15178a8526df9c35f8,0.5916553749993909,method_run,
binary_null_medium,10001,tbs_diffusion_graphtools_adaptive_nnls,production,0.01,0.001,ok,1,1.0,1.0,,199.0,6d72fe77a23a0399df8a1252ce27bc0f433fd6e5bea78f4c74aa9795629c6a70,59bde7cfea1b44be16e37d9b12ee4fdf5e35542b36cd2d15178a8526df9c35f8,0.6701963749947026,method_run,
binary_null_medium,10001,tbs_diffusion_graphtools_adaptive_nnls,status_rule_bypassed,0.01,0.001,ok,1,1.0,1.0,,199.0,6d72fe77a23a0399df8a1252ce27bc0f433fd6e5bea78f4c74aa9795629c6a70,59bde7cfea1b44be16e37d9b12ee4fdf5e35542b36cd2d15178a8526df9c35f8,0.6270933750056429,method_run,
binary_null_medium,10001,tbs_diffusion_graphtools_adaptive_nnls,fixed_coordinate_bh,0.005,0.001,ok,1,1.0,1.0,,0.0,6d72fe77a23a0399df8a1252ce27bc0f433fd6e5bea78f4c74aa9795629c6a70,59bde7cfea1b44be16e37d9b12ee4fdf5e35542b36cd2d15178a8526df9c35f8,0.5882562500046333,method_run,
binary_null_medium,10001,tbs_diffusion_graphtools_adaptive_nnls,fixed_coordinate_bh,0.01,0.001,ok,1,1.0,1.0,,0.0,6d72fe77a23a0399df8a1252ce27bc0f433fd6e5bea78f4c74aa9795629c6a70,59bde7cfea1b44be16e37d9b12ee4fdf5e35542b36cd2d15178a8526df9c35f8,0.5927766249951674,method_run,
binary_null_medium,10001,tbs_diffusion_graphtools_adaptive_nnls,fixed_coordinate_bh,0.05,0.001,ok,1,1.0,1.0,,0.0,6d72fe77a23a0399df8a1252ce27bc0f433fd6e5bea78f4c74aa9795629c6a70,59bde7cfea1b44be16e37d9b12ee4fdf5e35542b36cd2d15178a8526df9c35f8,0.5862673749943497,method_run,
binary_null_medium,10001,tbs_diffusion_graphtools_adaptive_nnls,fixed_coordinate_by,0.005,0.001,ok,1,1.0,1.0,,0.0,6d72fe77a23a0399df8a1252ce27bc0f433fd6e5bea78f4c74aa9795629c6a70,59bde7cfea1b44be16e37d9b12ee4fdf5e35542b36cd2d15178a8526df9c35f8,0.6474158329947386,method_run,
binary_null_medium,10001,tbs_diffusion_graphtools_adaptive_nnls,fixed_coordinate_by,0.01,0.001,ok,1,1.0,1.0,,0.0,6d72fe77a23a0399df8a1252ce27bc0f433fd6e5bea78f4c74aa9795629c6a70,59bde7cfea1b44be16e37d9b12ee4fdf5e35542b36cd2d15178a8526df9c35f8,0.6174155409971718,method_run,
binary_null_medium,10001,tbs_diffusion_graphtools_adaptive_nnls,fixed_coordinate_by,0.05,0.001,ok,1,1.0,1.0,,0.0,6d72fe77a23a0399df8a1252ce27bc0f433fd6e5bea78f4c74aa9795629c6a70,59bde7cfea1b44be16e37d9b12ee4fdf5e35542b36cd2d15178a8526df9c35f8,0.592933833002462,method_run,
